Serial	Primary	Secondary	Word	Remark
			a	
			i	
			ad	
			am	
			an	
			as	
			at	
			be	
			by	
			cd	
			do	
			go	
			he	
			if	
			in	
			is	
			it	
			me	
			my	
			no	
			of	
			ok	
			on	
			or	
			so	
			to	
			tv	
			up	
			we	
			add	
			age	
			ago	
			aid	
			aim	
			ala	
			alb	
			all	
			and	
			ani	
			any	
			arc	
			are	
			ash	
			ask	
			asp	
			auk	
			axe	
			bad	
			bar	
			bet	
			bid	
			big	
			bin	
			bit	
			bog	
			bra	
			bud	
			bug	
			but	
			buy	
			can	
			cob	
			cod	
			cot	
			cry	
			cub	
			cut	
			day	
			den	
			dew	
			did	
			die	
			dig	
			dip	
			dna	
			doe	
			dog	
			dot	
			dry	
			dud	
			due	
			eel	
			elk	
			elm	
			emu	
			end	
			era	
			ese	
			etc	
			far	
			fat	
			fee	
			fen	
			few	
			fig	
			fin	
			fir	
			fit	
			fix	
			flu	
			fob	
			for	
			fun	
			fur	
			gap	
			gay	
			get	
			git	
			god	
			got	
			gum	
			gun	
			guy	
			gym	
			had	
			has	
			hay	
			hen	
			her	
			hey	
			him	
			his	
			hit	
			hoe	
			hog	
			hot	
			how	
			hub	
			hut	
			ill	
			inn	
			its	
			jew	
			job	
			jot	
			joy	
			jug	
			lag	
			lan	
			lay	
			led	
			lei	
			let	
			lid	
			lie	
			lot	
			lye	
			mad	
			may	
			men	
			mix	
			mrs	
			new	
			nod	
			nor	
			not	
			now	
			oar	
			obi	
			odd	
			off	
			old	
			one	
			ore	
			ott	
			our	
			out	
			owe	
			own	
			pad	
			paw	
			pay	
			pea	
			per	
			pew	
			pha	
			pig	
			pop	
			put	
			pvc	
			rag	
			ram	
			ran	
			rat	
			raw	
			rib	
			rid	
			rip	
			rob	
			rot	
			row	
			rum	
			sac	
			sad	
			sat	
			saw	
			say	
			see	
			set	
			sex	
			she	
			sin	
			sir	
			sit	
			six	
			ski	
			sow	
			sue	
			sum	
			sun	
			suv	
			tam	
			tax	
			ten	
			the	
			tic	
			tom	
			ton	
			too	
			try	
			two	
			urn	
			use	
			via	
			wad	
			was	
			way	
			wet	
			who	
			why	
			win	
			yam	
			yes	
			yet	
			yew	
			yin	
			you	
			zoo	
			able	
			acid	
			alga	
			also	
			alto	
			amia	
			anas	
			anoa	
			apse	
			arab	
			aunt	
			aves	
			away	
			axis	
			babe	
			bail	
			bait	
			bake	
			bale	
			band	
			bang	
			bark	
			barn	
			bass	
			beak	
			bear	
			beat	
			beef	
			been	
			beer	
			beet	
			bend	
			bent	
			best	
			bite	
			blow	
			boar	
			boil	
			bolt	
			bomb	
			bore	
			born	
			both	
			bowl	
			brow	
			burn	
			bust	
			busy	
			cafe	
			calf	
			call	
			calm	
			came	
			cane	
			cape	
			carp	
			chap	
			chef	
			chip	
			chop	
			chub	
			chug	
			clef	
			clue	
			code	
			coke	
			cold	
			colt	
			come	
			cone	
			cool	
			cope	
			copy	
			cost	
			craw	
			crew	
			crib	
			crop	
			cups	
			curl	
			cusp	
			cyst	
			dame	
			dare	
			dart	
			dash	
			data	
			dead	
			deal	
			dear	
			debt	
			deep	
			deer	
			dhow	
			diet	
			dike	
			dill	
			dirt	
			disc	
			dive	
			dock	
			does	
			done	
			dory	
			down	
			drag	
			draw	
			drug	
			duct	
			dull	
			dump	
			duty	
			each	
			earn	
			ease	
			easy	
			eave	
			eddy	
			edit	
			else	
			envy	
			epee	
			even	
			ever	
			fade	
			fail	
			fame	
			fart	
			fast	
			fate	
			fawn	
			fear	
			feed	
			fell	
			felt	
			fice	
			fill	
			fine	
			firm	
			five	
			flax	
			flea	
			flee	
			foal	
			foam	
			fold	
			folk	
			font	
			fool	
			fort	
			four	
			fowl	
			from	
			full	
			fume	
			fund	
			gain	
			gale	
			galn	
			gang	
			garb	
			gave	
			gaze	
			gene	
			germ	
			gill	
			give	
			glad	
			glen	
			glut	
			golf	
			gone	
			gong	
			good	
			gown	
			grab	
			gram	
			gray	
			grew	
			grey	
			grit	
			grow	
			gulf	
			gyro	
			hail	
			hang	
			hard	
			harm	
			harp	
			hate	
			have	
			hear	
			heel	
			held	
			hell	
			helo	
			help	
			hemp	
			here	
			hers	
			hide	
			high	
			hire	
			hiss	
			hive	
			hold	
			holy	
			hood	
			hoof	
			hops	
			hose	
			host	
			huge	
			hunt	
			hurt	
			icon	
			inch	
			into	
			iris	
			jail	
			jazz	
			jeff	
			jerk	
			joey	
			joke	
			judo	
			july	
			jump	
			june	
			junk	
			jury	
			just	
			jute	
			kale	
			keep	
			kept	
			kill	
			kilt	
			kiss	
			knew	
			knot	
			know	
			lamb	
			lame	
			lark	
			last	
			late	
			lava	
			lazy	
			lean	
			leek	
			lend	
			less	
			lier	
			like	
			lime	
			limo	
			lisa	
			loaf	
			loan	
			loft	
			lone	
			long	
			lose	
			loss	
			lost	
			lots	
			loud	
			lout	
			luck	
			lump	
			lute	
			lynx	
			lyre	
			made	
			maid	
			main	
			make	
			male	
			manx	
			many	
			mare	
			mark	
			mast	
			mate	
			mean	
			meat	
			meet	
			melt	
			meow	
			mere	
			mess	
			mice	
			midi	
			mile	
			mill	
			mime	
			mini	
			miss	
			moat	
			mole	
			moon	
			more	
			most	
			moth	
			move	
			much	
			mule	
			must	
			mutt	
			myth	
			navy	
			near	
			neat	
			need	
			next	
			nice	
			nine	
			node	
			none	
			noon	
			noun	
			obey	
			oboe	
			odds	
			okay	
			okra	
			once	
			only	
			onto	
			open	
			over	
			oxen	
			pace	
			pail	
			pain	
			pale	
			pans	
			pard	
			pass	
			past	
			path	
			peen	
			peer	
			pelt	
			perp	
			pick	
			pier	
			pike	
			pile	
			pimp	
			ping	
			pink	
			pint	
			piss	
			pith	
			plow	
			plus	
			poll	
			pony	
			poof	
			poor	
			pose	
			pots	
			pour	
			pray	
			prow	
			pull	
			pupa	
			purr	
			push	
			quit	
			raft	
			rage	
			rail	
			rank	
			rare	
			read	
			real	
			rear	
			reef	
			rely	
			rest	
			rich	
			ride	
			rise	
			robe	
			roll	
			rude	
			ruin	
			rush	
			ruth	
			safe	
			sage	
			said	
			sake	
			sale	
			same	
			sari	
			sash	
			save	
			scow	
			seal	
			seat	
			seek	
			seem	
			sell	
			send	
			sent	
			sexy	
			shed	
			shin	
			shit	
			shot	
			show	
			shut	
			sick	
			sigh	
			sill	
			silo	
			sled	
			slow	
			smog	
			snap	
			snob	
			soft	
			some	
			soon	
			soot	
			soul	
			spit	
			spur	
			stag	
			stay	
			stir	
			stop	
			stud	
			such	
			suck	
			sure	
			swag	
			take	
			talk	
			tall	
			tame	
			tard	
			taxi	
			team	
			tear	
			teen	
			tell	
			temp	
			tend	
			than	
			that	
			thaw	
			them	
			then	
			they	
			thin	
			this	
			thus	
			tidy	
			till	
			time	
			tiny	
			tire	
			toad	
			toga	
			togs	
			told	
			tomb	
			tone	
			took	
			toot	
			tote	
			tour	
			tram	
			trap	
			tray	
			trim	
			true	
			tuba	
			tune	
			turn	
			tutu	
			twin	
			tyre	
			ugly	
			undo	
			upon	
			urge	
			used	
			vane	
			vary	
			vast	
			veal	
			verb	
			very	
			vibe	
			visa	
			vise	
			volt	
			wage	
			wait	
			wake	
			walk	
			want	
			warm	
			warn	
			wash	
			wasp	
			weak	
			wear	
			weed	
			well	
			went	
			were	
			what	
			when	
			whom	
			wide	
			wild	
			will	
			wine	
			wipe	
			wish	
			with	
			worm	
			wrap	
			wren	
			yawl	
			yawn	
			yeah	
			year	
			yell	
			yoga	
			yoke	
			your	
			yurt	
			zero	
			zone	
			abbey	
			about	
			above	
			abuse	
			addax	
			adder	
			adult	
			aedes	
			after	
			again	
			agama	
			agent	
			aglet	
			agree	
			alder	
			algae	
			alibi	
			alley	
			allow	
			alloy	
			alone	
			along	
			alpha	
			alula	
			ameba	
			among	
			anger	
			angry	
			anime	
			ankle	
			anole	
			aphid	
			aphis	
			april	
			apron	
			arame	
			argal	
			argus	
			armor	
			arrow	
			ascot	
			aside	
			aspis	
			asset	
			attic	
			audad	
			awake	
			bacon	
			bagel	
			baker	
			banjo	
			barge	
			based	
			bayou	
			beard	
			beech	
			began	
			begin	
			being	
			belly	
			below	
			beret	
			berry	
			bidet	
			bijou	
			birch	
			birth	
			blame	
			blank	
			bleed	
			blind	
			block	
			bloom	
			bongo	
			boots	
			booty	
			bosom	
			bough	
			bower	
			boxer	
			brace	
			brand	
			break	
			brief	
			bring	
			broad	
			broke	
			brome	
			brood	
			brook	
			buddy	
			buggy	
			bugle	
			build	
			bunch	
			burst	
			cacao	
			caddy	
			cadet	
			cameo	
			canoe	
			canon	
			capon	
			cargo	
			carol	
			carry	
			cause	
			cello	
			chafe	
			chaos	
			chard	
			chart	
			chase	
			cheap	
			check	
			chick	
			chief	
			chill	
			chime	
			china	
			chino	
			chive	
			chord	
			churn	
			claim	
			clank	
			clasp	
			clave	
			clean	
			clear	
			cleat	
			clerk	
			click	
			climb	
			cloak	
			clogs	
			close	
			clove	
			codon	
			colon	
			comic	
			comma	
			conga	
			congo	
			couch	
			could	
			count	
			court	
			craft	
			crash	
			crazy	
			creek	
			crest	
			crime	
			crook	
			cross	
			croup	
			crude	
			cruel	
			crush	
			curio	
			cycle	
			cynic	
			daisy	
			david	
			debit	
			delay	
			demur	
			denim	
			derby	
			devil	
			diner	
			dirty	
			disco	
			ditch	
			divan	
			diver	
			doubt	
			dozen	
			draft	
			drake	
			drift	
			drive	
			drunk	
			dryer	
			dwarf	
			eager	
			early	
			easel	
			edger	
			eight	
			elect	
			elite	
			emery	
			empty	
			enemy	
			enjoy	
			enter	
			epoch	
			epoxy	
			equal	
			error	
			essay	
			every	
			exact	
			exile	
			exist	
			extra	
			facet	
			fairy	
			faith	
			false	
			fanny	
			fault	
			favor	
			feist	
			felid	
			ferry	
			fetus	
			fewer	
			fiber	
			fibre	
			fifth	
			fifty	
			fight	
			filly	
			filth	
			final	
			finch	
			fired	
			first	
			fitch	
			fixed	
			flank	
			flare	
			flash	
			flask	
			fleck	
			flint	
			float	
			flock	
			flood	
			flour	
			fluke	
			focus	
			foram	
			foray	
			forth	
			forty	
			forum	
			fossa	
			found	
			freon	
			fresh	
			frost	
			frown	
			fucus	
			fully	
			fungi	
			funny	
			futon	
			gauge	
			geese	
			ghost	
			given	
			gland	
			grand	
			grant	
			grave	
			great	
			greek	
			grief	
			grill	
			gross	
			guard	
			guess	
			guilt	
			habit	
			happy	
			haunt	
			heard	
			heavy	
			hedge	
			helen	
			hello	
			heron	
			hinge	
			hobby	
			honor	
			hotel	
			hovel	
			human	
			humor	
			hurry	
			hutch	
			hyena	
			ideal	
			igloo	
			image	
			imply	
			inbox	
			index	
			inlay	
			inlet	
			inner	
			input	
			iraqi	
			irish	
			irony	
			issue	
			james	
			jiffy	
			joint	
			jumbo	
			karen	
			kayak	
			kazoo	
			kendo	
			ketch	
			kiosk	
			kitty	
			knife	
			knock	
			label	
			labor	
			lanai	
			larch	
			large	
			lasso	
			later	
			latex	
			lathe	
			latin	
			latte	
			laugh	
			layer	
			learn	
			leash	
			least	
			leave	
			legal	
			lemur	
			lever	
			lilac	
			limit	
			liner	
			liter	
			llama	
			local	
			locus	
			logic	
			loose	
			lover	
			lower	
			lucky	
			lunge	
			lycra	
			lyric	
			madam	
			major	
			maker	
			mambo	
			mania	
			manor	
			maple	
			march	
			marry	
			marsh	
			match	
			maybe	
			mayor	
			meant	
			meter	
			metro	
			might	
			miner	
			minor	
			miter	
			mixed	
			mixer	
			mocha	
			model	
			modem	
			moral	
			motel	
			mound	
			mount	
			mover	
			mower	
			naked	
			nasty	
			never	
			newly	
			nexus	
			niche	
			niece	
			ninth	
			noble	
			norse	
			noted	
			novel	
			nudge	
			nylon	
			oasis	
			occur	
			octet	
			offer	
			often	
			oldie	
			omega	
			opera	
			opium	
			order	
			organ	
			other	
			otter	
			ought	
			ounce	
			outer	
			ovary	
			panel	
			panic	
			pansy	
			pants	
			panty	
			parka	
			party	
			paste	
			patio	
			pause	
			payee	
			peach	
			pedal	
			peony	
			perch	
			petal	
			phase	
			photo	
			piece	
			piety	
			pinto	
			pitch	
			plain	
			plier	
			plume	
			poppy	
			porch	
			potty	
			pouch	
			pound	
			press	
			prick	
			pride	
			prime	
			prior	
			prize	
			proof	
			prose	
			proud	
			prove	
			pupil	
			puppy	
			quack	
			quail	
			quart	
			quill	
			quite	
			quote	
			rabbi	
			racer	
			radar	
			rainy	
			raise	
			ramie	
			ranch	
			rapid	
			raven	
			rayon	
			reach	
			react	
			ready	
			refer	
			relax	
			reply	
			rhyme	
			rider	
			ridge	
			riser	
			rival	
			roast	
			rough	
			round	
			royal	
			rugby	
			ruler	
			rural	
			sabre	
			sales	
			salon	
			satin	
			scarp	
			scope	
			score	
			scorn	
			scrim	
			scrip	
			seize	
			sense	
			sepal	
			serum	
			serve	
			seven	
			sewer	
			shack	
			shale	
			shall	
			shame	
			shape	
			share	
			sharp	
			shave	
			shawl	
			shear	
			shift	
			shine	
			shoat	
			shock	
			shoes	
			shoot	
			shore	
			short	
			shred	
			shrug	
			sight	
			silly	
			since	
			sitar	
			sixth	
			skull	
			skunk	
			slash	
			slate	
			slave	
			slice	
			slide	
			slime	
			small	
			smart	
			smash	
			smock	
			socks	
			solar	
			solve	
			sorry	
			spank	
			spare	
			spasm	
			speak	
			speed	
			spell	
			spend	
			spike	
			spine	
			spite	
			split	
			spoke	
			sport	
			spray	
			spume	
			stack	
			staff	
			stain	
			stair	
			stake	
			stalk	
			stare	
			start	
			stead	
			steal	
			steps	
			stiff	
			still	
			stock	
			stole	
			stood	
			stool	
			store	
			strap	
			strip	
			stuff	
			style	
			suede	
			sunny	
			super	
			swamp	
			swath	
			swear	
			sweat	
			sweep	
			sweet	
			swell	
			swiss	
			synod	
			syrup	
			tabby	
			taste	
			teach	
			teeth	
			tempo	
			tenor	
			tenth	
			tepee	
			terms	
			thank	
			their	
			theme	
			there	
			these	
			thick	
			think	
			third	
			thong	
			those	
			three	
			throw	
			tiara	
			tight	
			timer	
			tired	
			title	
			today	
			tongs	
			toque	
			torso	
			total	
			tough	
			trace	
			track	
			trail	
			tramp	
			trash	
			treat	
			trend	
			trial	
			tribe	
			trick	
			troop	
			trout	
			trove	
			truly	
			trust	
			tummy	
			tunic	
			twice	
			twine	
			tyvek	
			under	
			unity	
			until	
			upper	
			urban	
			usage	
			usher	
			usual	
			valve	
			vapor	
			vault	
			veldt	
			verve	
			villa	
			vinyl	
			viola	
			virus	
			visit	
			visor	
			vital	
			vixen	
			vodka	
			voter	
			vowel	
			wafer	
			waist	
			waste	
			wedge	
			weigh	
			weird	
			wharf	
			where	
			which	
			whole	
			whorl	
			whose	
			widow	
			width	
			witch	
			women	
			works	
			worry	
			worst	
			worth	
			would	
			wreck	
			write	
			wrong	
			wrote	
			yacht	
			yeast	
			yield	
			young	
			yours	
			abacus	
			abroad	
			acarid	
			acarus	
			access	
			across	
			acting	
			action	
			active	
			adapid	
			advice	
			aerobe	
			affair	
			affect	
			afghan	
			afraid	
			agamid	
			agency	
			agenda	
			agouti	
			airbag	
			airbus	
			alcove	
			almost	
			alpaca	
			alpine	
			always	
			amazon	
			amnion	
			amnios	
			amoeba	
			amount	
			anabas	
			analog	
			angler	
			angora	
			animal	
			anklet	
			annual	
			anorak	
			answer	
			antler	
			anuran	
			anyhow	
			anyone	
			aoudad	
			appeal	
			appear	
			archer	
			argali	
			arista	
			armour	
			around	
			arrive	
			ashram	
			aspect	
			assist	
			atrium	
			attack	
			august	
			auklet	
			avenue	
			avocet	
			baboon	
			badger	
			bakery	
			ballet	
			banker	
			baobab	
			barber	
			barium	
			barrel	
			basing	
			bather	
			batter	
			battle	
			beaker	
			beanie	
			beauty	
			beaver	
			become	
			before	
			beggar	
			behave	
			behest	
			behind	
			belfry	
			belief	
			bengal	
			better	
			beyond	
			bikini	
			bitter	
			blazer	
			blight	
			blouse	
			bobcat	
			bolero	
			bomber	
			bonnet	
			bonsai	
			bootee	
			bootie	
			borrow	
			botany	
			bother	
			bought	
			bowler	
			bowtie	
			brandy	
			breast	
			breeze	
			briefs	
			bright	
			broken	
			broker	
			bronco	
			bronze	
			brooch	
			buckle	
			budget	
			buffer	
			buffet	
			bullet	
			bumper	
			burial	
			burned	
			burner	
			bustle	
			butane	
			cabana	
			caftan	
			calico	
			cancel	
			canopy	
			career	
			carpet	
			carter	
			casino	
			catsup	
			cattle	
			caught	
			cavity	
			celery	
			census	
			center	
			cereal	
			chaise	
			chalet	
			chance	
			change	
			chapel	
			charge	
			cheque	
			choice	
			choker	
			choose	
			chorus	
			chrome	
			church	
			cicada	
			cinema	
			circus	
			cirrus	
			citron	
			clause	
			cleric	
			clever	
			client	
			closet	
			clothe	
			cloudy	
			clutch	
			cobweb	
			coffin	
			cognac	
			colony	
			colour	
			column	
			combat	
			common	
			condor	
			consul	
			cooked	
			cooker	
			corner	
			cornet	
			corral	
			cougar	
			county	
			couple	
			course	
			cousin	
			cowboy	
			cradle	
			cravat	
			crease	
			create	
			creche	
			crocus	
			crotch	
			crying	
			cuckoo	
			cupola	
			curler	
			cursor	
			cutlet	
			cymbal	
			dagger	
			damage	
			dancer	
			danger	
			daniel	
			daybed	
			dealer	
			debate	
			debtor	
			decide	
			defect	
			delete	
			demand	
			depend	
			deputy	
			design	
			desire	
			detail	
			devote	
			diadem	
			diaper	
			dibble	
			dickey	
			differ	
			digger	
			dimple	
			dinghy	
			dining	
			dinner	
			direct	
			dirndl	
			dishes	
			divide	
			diving	
			dollar	
			dolman	
			domain	
			double	
			driver	
			duffel	
			dugout	
			during	
			duster	
			dynamo	
			easily	
			editor	
			edward	
			effect	
			effort	
			eggnog	
			eighth	
			either	
			eleven	
			elixir	
			emerge	
			empire	
			employ	
			enable	
			engage	
			enigma	
			enough	
			ensure	
			entire	
			eponym	
			equate	
			escape	
			estate	
			ethics	
			ethnic	
			europe	
			evolve	
			exceed	
			except	
			excite	
			excuse	
			expand	
			expect	
			expert	
			export	
			expose	
			extend	
			extent	
			eyelid	
			fabric	
			factor	
			fairly	
			family	
			famous	
			fascia	
			fedora	
			feeble	
			feeder	
			feeler	
			feline	
			fellow	
			felony	
			female	
			fender	
			ferret	
			fiddle	
			figure	
			finish	
			firing	
			fisher	
			flavor	
			fleece	
			flight	
			foetus	
			folder	
			follow	
			fondue	
			forget	
			formal	
			format	
			former	
			fourth	
			freeze	
			french	
			fresco	
			friday	
			fridge	
			friend	
			fringe	
			frozen	
			fucoid	
			fulmar	
			funnel	
			fusion	
			future	
			gaffer	
			galley	
			gallon	
			gander	
			garage	
			garter	
			gather	
			gazebo	
			gender	
			gentle	
			gently	
			george	
			gerbil	
			german	
			geyser	
			gifted	
			girdle	
			glance	
			glider	
			global	
			gloves	
			golden	
			goodie	
			gopher	
			gossip	
			govern	
			granny	
			gravel	
			grease	
			groove	
			grouse	
			growth	
			guilty	
			gutter	
			hamaki	
			handle	
			hanger	
			happen	
			harbor	
			hardly	
			hatbox	
			hatred	
			health	
			hearth	
			heated	
			heater	
			heaven	
			height	
			heyday	
			highly	
			hobbit	
			hollow	
			honest	
			hornet	
			horror	
			hostel	
			hubcap	
			hugger	
			humour	
			hunger	
			hungry	
			hunter	
			icicle	
			ignore	
			impact	
			import	
			impose	
			indeed	
			indian	
			infant	
			inform	
			injury	
			inland	
			inside	
			insist	
			instep	
			intend	
			intent	
			invent	
			invest	
			invite	
			itself	
			jaguar	
			jewish	
			jockey	
			joiner	
			jumper	
			junior	
			junker	
			junket	
			karate	
			keeper	
			kennel	
			killer	
			kimono	
			kitten	
			klomps	
			knight	
			knives	
			labour	
			lapdog	
			laptop	
			larder	
			lately	
			latter	
			launch	
			leader	
			league	
			leaker	
			leaver	
			legacy	
			legend	
			legume	
			length	
			lentil	
			lesson	
			likely	
			liquor	
			listen	
			litter	
			little	
			living	
			loafer	
			locate	
			locker	
			locust	
			loggia	
			lonely	
			lotion	
			lounge	
			lovely	
			maiden	
			mainly	
			makeup	
			mallet	
			manage	
			maniac	
			manner	
			mantel	
			mantle	
			mantua	
			maraca	
			margin	
			marked	
			master	
			mature	
			medium	
			melody	
			member	
			mental	
			merely	
			method	
			middle	
			mimosa	
			minion	
			misfit	
			mister	
			mitten	
			mobile	
			modern	
			modest	
			moment	
			monday	
			monger	
			morsel	
			mosque	
			mostly	
			mouser	
			mousse	
			mouton	
			mukluk	
			murder	
			museum	
			muslim	
			mutual	
			myself	
			naming	
			napkin	
			narrow	
			native	
			nearby	
			nearer	
			nearly	
			nephew	
			nicety	
			nickel	
			nobody	
			noodle	
			normal	
			notice	
			notify	
			notion	
			nougat	
			object	
			obtain	
			occupy	
			ocelot	
			octave	
			octavo	
			oeuvre	
			omelet	
			online	
			oppose	
			option	
			orator	
			origin	
			osprey	
			others	
			outcry	
			outfit	
			outlaw	
			outlay	
			outlet	
			output	
			outset	
			overdo	
			oxford	
			packet	
			paddle	
			pagoda	
			pajama	
			pantry	
			parade	
			partly	
			pastor	
			pastry	
			patent	
			patina	
			patrol	
			peanut	
			people	
			period	
			permit	
			phrase	
			pickax	
			picket	
			pimple	
			pinkie	
			piracy	
			piston	
			plaque	
			played	
			player	
			please	
			plenty	
			plover	
			plural	
			poetry	
			poison	
			policy	
			polish	
			pollen	
			pompom	
			poncho	
			poster	
			potash	
			potter	
			praise	
			prayer	
			prefer	
			pretty	
			priest	
			prince	
			prompt	
			proper	
			pruner	
			public	
			puddle	
			puffin	
			pulley	
			punish	
			purple	
			pursue	
			pusher	
			pyjama	
			racial	
			racing	
			racism	
			racist	
			radium	
			raffle	
			random	
			rarely	
			rather	
			rating	
			reader	
			really	
			reamer	
			reason	
			recall	
			recent	
			recess	
			recipe	
			record	
			reduce	
			reflux	
			reform	
			refund	
			refuse	
			regard	
			regime	
			region	
			regret	
			reject	
			relate	
			relief	
			relish	
			remain	
			remark	
			remedy	
			remind	
			remote	
			remove	
			repair	
			repeat	
			report	
			resale	
			resist	
			resort	
			result	
			retail	
			retain	
			retina	
			retire	
			return	
			reveal	
			review	
			reward	
			rhythm	
			riddle	
			ripple	
			rocker	
			roller	
			rotate	
			router	
			rubber	
			rubric	
			ruckus	
			ruffle	
			runner	
			sacred	
			safety	
			sailor	
			salary	
			salmon	
			saloon	
			sampan	
			sarong	
			satire	
			saucer	
			saving	
			savior	
			scared	
			scheme	
			schist	
			scream	
			screen	
			script	
			seaman	
			search	
			season	
			secret	
			sector	
			secure	
			seeder	
			select	
			senate	
			senior	
			series	
			server	
			settle	
			severe	
			sexual	
			shadow	
			shaker	
			shanty	
			sharon	
			shears	
			sheath	
			sherry	
			shield	
			shofar	
			shorts	
			should	
			shrimp	
			shrine	
			siding	
			signal	
			signet	
			signup	
			silent	
			silica	
			simple	
			simply	
			singer	
			single	
			skiing	
			sledge	
			sleeve	
			sleuth	
			slider	
			slight	
			slowly	
			smooth	
			sneeze	
			snorer	
			social	
			sonnet	
			sorbet	
			sorrow	
			source	
			soviet	
			speech	
			sphynx	
			spikes	
			spiral	
			spirit	
			splash	
			spleen	
			spread	
			sprout	
			spruce	
			squash	
			stable	
			stairs	
			stamen	
			stance	
			status	
			steady	
			stereo	
			sticky	
			storey	
			strain	
			strait	
			stream	
			stress	
			strike	
			stroke	
			strong	
			studio	
			stupid	
			stylus	
			submit	
			suburb	
			subway	
			sucker	
			sudden	
			suffer	
			suffix	
			sultan	
			summit	
			sunday	
			supply	
			surely	
			survey	
			sweats	
			sweets	
			swivel	
			symbol	
			tackle	
			tactic	
			tailor	
			talent	
			tandem	
			tanker	
			target	
			tassel	
			tatami	
			tavern	
			teller	
			temper	
			temple	
			terror	
			thanks	
			theism	
			thirst	
			thirty	
			thomas	
			thongs	
			thorax	
			though	
			threat	
			thrill	
			throne	
			thrush	
			thrust	
			tights	
			timber	
			tinkle	
			tissue	
			toilet	
			tosser	
			toward	
			trader	
			travel	
			treaty	
			trench	
			tripod	
			trowel	
			turban	
			turkey	
			turret	
			turtle	
			tussle	
			tuxedo	
			twelve	
			twenty	
			typist	
			unable	
			unique	
			united	
			unless	
			unlike	
			upkeep	
			uplift	
			uptake	
			useful	
			vacuum	
			vanity	
			vellum	
			velvet	
			versus	
			victim	
			viewer	
			violet	
			virtue	
			vision	
			visual	
			volume	
			vortex	
			voyage	
			waiter	
			walker	
			walnut	
			wampum	
			wander	
			warden	
			warmth	
			washer	
			wasted	
			wealth	
			weasel	
			weeder	
			weekly	
			whisky	
			widely	
			willow	
			winner	
			wisdom	
			within	
			wombat	
			wooden	
			woolen	
			worker	
			worthy	
			writer	
			yogurt	
			zephyr	
			zipper	
			zither	
			abalone	
			abdomen	
			ability	
			abortus	
			absence	
			acarine	
			account	
			acridid	
			acrylic	
			actinia	
			actress	
			aculeus	
			adapter	
			address	
			adelgid	
			admiral	
			advance	
			against	
			airfare	
			airline	
			airmail	
			airport	
			airship	
			alcohol	
			alewife	
			algebra	
			almanac	
			already	
			ammonia	
			amniote	
			anagram	
			analogy	
			analyst	
			anatomy	
			anchovy	
			anemone	
			anguish	
			anhinga	
			annelid	
			another	
			anthony	
			antlion	
			anxiety	
			anybody	
			anytime	
			apology	
			apparel	
			apteryx	
			aquifer	
			arabian	
			armoire	
			arrange	
			arrival	
			article	
			ascaris	
			ashtray	
			asphalt	
			assault	
			atelier	
			athlete	
			attempt	
			aurochs	
			autobus	
			average	
			awkward	
			axolotl	
			azimuth	
			baggage	
			bagpipe	
			balance	
			balcony	
			bandana	
			bassoon	
			bathmat	
			bathtub	
			batting	
			because	
			bedroom	
			beeswax	
			begonia	
			believe	
			bellows	
			benefit	
			besides	
			between	
			biology	
			biplane	
			bladder	
			blender	
			blinker	
			blister	
			blocker	
			blossom	
			blowgun	
			boiling	
			bookend	
			booklet	
			booster	
			boudoir	
			bowling	
			bracket	
			breathe	
			bribery	
			british	
			broiler	
			brought	
			builder	
			burglar	
			burning	
			butcher	
			buzzard	
			cabinet	
			caboose	
			canteen	
			capital	
			captain	
			caption	
			caravan	
			careful	
			carload	
			carport	
			carrier	
			cartoon	
			cascade	
			cashier	
			cassock	
			catarrh	
			caution	
			celeste	
			celsius	
			central	
			ceramic	
			certain	
			chalice	
			chapter	
			charity	
			charles	
			chateau	
			chemist	
			chicory	
			chimney	
			chowder	
			circuit	
			classic	
			clavier	
			cleaner	
			climber	
			clipper	
			clothes	
			cockpit	
			collect	
			college	
			combine	
			comfort	
			command	
			comment	
			compare	
			complex	
			compost	
			concept	
			concern	
			concert	
			conifer	
			connect	
			consent	
			consist	
			console	
			contact	
			contain	
			content	
			contest	
			context	
			contour	
			control	
			convert	
			cooking	
			correct	
			corsage	
			costume	
			cottage	
			council	
			counter	
			courage	
			cowbell	
			cracker	
			crawdad	
			creator	
			creeper	
			culture	
			culvert	
			cunning	
			cupcake	
			cushion	
			custard	
			customs	
			cuticle	
			cutover	
			cutting	
			cyclone	
			cymbals	
			damping	
			dancing	
			decimal	
			defense	
			deficit	
			delight	
			density	
			dentist	
			deposit	
			derrick	
			desktop	
			dessert	
			destiny	
			destroy	
			develop	
			diarist	
			diction	
			digital	
			dignity	
			diploma	
			discuss	
			disease	
			disgust	
			dislike	
			dismiss	
			display	
			dispute	
			distant	
			diverse	
			divider	
			divisor	
			divorce	
			dogsled	
			dogwood	
			doubter	
			drawing	
			dredger	
			dresser	
			driving	
			drizzle	
			dropped	
			dropper	
			drummer	
			dungeon	
			eardrum	
			earplug	
			earring	
			eastern	
			economy	
			edition	
			educate	
			egghead	
			ejector	
			elastic	
			elderly	
			element	
			embassy	
			embrace	
			emotion	
			english	
			enhance	
			enquiry	
			episode	
			equally	
			equinox	
			erosion	
			estuary	
			evening	
			exactly	
			examine	
			example	
			excited	
			exhaust	
			exhibit	
			expense	
			explain	
			explode	
			explore	
			express	
			extreme	
			eyeball	
			eyebrow	
			eyelash	
			eyelids	
			faculty	
			failure	
			fairies	
			fantasy	
			fashion	
			feature	
			federal	
			feeling	
			fencing	
			ferment	
			fertile	
			fetlock	
			fiction	
			fifteen	
			fighter	
			filaria	
			finally	
			finance	
			finback	
			finding	
			firearm	
			firebug	
			firefly	
			fireman	
			fishery	
			fishing	
			fishnet	
			fisting	
			fitness	
			fixture	
			flanker	
			flicker	
			flipper	
			floozie	
			flytrap	
			foolish	
			footman	
			forearm	
			foreign	
			foreleg	
			forepaw	
			foretop	
			forever	
			forgery	
			forgive	
			formica	
			fortune	
			forward	
			founder	
			frazzle	
			freckle	
			freedom	
			freezer	
			freight	
			frigate	
			funding	
			funeral	
			furcula	
			furnace	
			further	
			gaiters	
			gallery	
			garbage	
			garment	
			gateway	
			gazelle	
			gelding	
			gemsbok	
			general	
			genetic	
			geology	
			gesture	
			gherkin	
			ginseng	
			glasses	
			gliding	
			gobbler	
			goggles	
			gondola	
			goodbye	
			gosling	
			grammar	
			graphic	
			grating	
			grenade	
			grocery	
			grouper	
			growing	
			gunboat	
			gymnast	
			habitat	
			hacksaw	
			haircut	
			hairnet	
			halibut	
			hallway	
			hammock	
			hamster	
			handful	
			handsaw	
			hanging	
			harbour	
			hardhat	
			harmony	
			harpoon	
			hassock	
			hatchet	
			headway	
			healthy	
			hearing	
			heating	
			heavily	
			hellcat	
			helpful	
			herring	
			herself	
			hexagon	
			highway	
			himself	
			history	
			hobbies	
			holiday	
			homonym	
			honesty	
			honoree	
			horizon	
			hosiery	
			hospice	
			hostess	
			housing	
			however	
			hundred	
			hunting	
			hurdler	
			husband	
			hydrant	
			hygiene	
			igneous	
			ikebana	
			illegal	
			illness	
			imagine	
			impress	
			improve	
			include	
			indoors	
			infancy	
			inferno	
			ingrate	
			initial	
			inquiry	
			insight	
			inspire	
			install	
			instant	
			instead	
			integer	
			intense	
			inverse	
			invoice	
			involve	
			islamic	
			israeli	
			italian	
			january	
			jasmine	
			jealous	
			jeweler	
			jewelry	
			jogging	
			journal	
			justice	
			justify	
			ketchup	
			kidneys	
			killing	
			kitchen	
			kleenex	
			knuckle	
			kumquat	
			laborer	
			ladybug	
			lantern	
			largely	
			lasagna	
			latency	
			laundry	
			lawsuit	
			leading	
			learner	
			leather	
			lecture	
			legging	
			leisure	
			leprosy	
			liberal	
			license	
			lighter	
			limited	
			linseed	
			liqueur	
			lobster	
			locking	
			loyalty	
			luggage	
			luttuce	
			lyocell	
			macrame	
			maestro	
			mailbox	
			mailman	
			malaria	
			manhole	
			manhunt	
			mankind	
			mansard	
			mansion	
			maracas	
			marimba	
			married	
			marxism	
			mascara	
			massage	
			massive	
			mastoid	
			mattock	
			maximum	
			meaning	
			measles	
			measure	
			medical	
			meeting	
			menorah	
			mention	
			message	
			methane	
			mexican	
			midline	
			midwife	
			migrant	
			million	
			mineral	
			minibus	
			minimum	
			miracle	
			missile	
			mission	
			mistake	
			mixture	
			monitor	
			monocle	
			monsoon	
			monster	
			mortise	
			musical	
			mustard	
			mystery	
			natural	
			necktie	
			neglect	
			neither	
			nervous	
			netball	
			netbook	
			netsuke	
			network	
			nostril	
			notepad	
			nothing	
			nowhere	
			nuclear	
			nucleus	
			numeral	
			numeric	
			nursery	
			nurture	
			oatmeal	
			obesity	
			observe	
			obvious	
			octagon	
			october	
			offence	
			offense	
			officer	
			olympic	
			oneself	
			ongoing	
			opening	
			operate	
			opinion	
			opossum	
			orchard	
			organic	
			osmosis	
			outback	
			outcome	
			outcrop	
			outdoor	
			outlier	
			outline	
			outlook	
			outside	
			overall	
			overlap	
			overuse	
			package	
			packing	
			paddock	
			painful	
			painter	
			pajamas	
			pancake	
			pannier	
			panpipe	
			panties	
			parable	
			parking	
			parsnip	
			parting	
			partner	
			passage	
			passion	
			passive	
			patient	
			patriot	
			pattern	
			payment	
			peacoat	
			peacock	
			pelican	
			penalty	
			pendant	
			pension	
			perfect	
			perform	
			perhaps	
			physics	
			pianist	
			piccolo	
			pillbox	
			pinworm	
			pioneer	
			planter	
			plaster	
			playing	
			pleased	
			pleated	
			plowman	
			plunger	
			plywood	
			pointer	
			polenta	
			popcorn	
			popular	
			portion	
			portray	
			possess	
			postage	
			postbox	
			postman	
			poultry	
			poverty	
			predict	
			preface	
			prelude	
			premier	
			prepare	
			present	
			pretend	
			prevent	
			primary	
			primate	
			privacy	
			private	
			problem	
			proceed	
			process	
			produce	
			product	
			profile	
			program	
			project	
			promise	
			promote	
			propane	
			propose	
			protect	
			protein	
			protest	
			provide	
			publish	
			pudding	
			pumpkin	
			puritan	
			purpose	
			qualify	
			quality	
			quarter	
			quickly	
			quietly	
			quinine	
			raccoon	
			radical	
			railing	
			railway	
			raiment	
			rainbow	
			raining	
			rambler	
			rapidly	
			ravioli	
			rawhide	
			reading	
			reagent	
			reality	
			realize	
			receive	
			recover	
			recruit	
			reflect	
			refugee	
			regular	
			release	
			replace	
			request	
			require	
			reserve	
			residue	
			resolve	
			respect	
			respite	
			respond	
			restore	
			retouch	
			revenge	
			revenue	
			revolve	
			rivulet	
			roadway	
			rooster	
			rostrum	
			roughly	
			routine	
			rowboat	
			rubbish	
			runaway	
			running	
			russian	
			samovar	
			samurai	
			sandals	
			sandbar	
			sardine	
			satisfy	
			saucers	
			sausage	
			savings	
			saviour	
			scandal	
			scanner	
			scenery	
			scholar	
			scooter	
			scraper	
			scratch	
			seafood	
			seagull	
			seaside	
			section	
			segment	
			selfish	
			senator	
			serious	
			servant	
			service	
			session	
			setting	
			settler	
			seventh	
			several	
			shallot	
			shampoo	
			shelter	
			shingle	
			shocked	
			shopper	
			shortly	
			sibling	
			sidecar	
			silence	
			similar	
			sixteen	
			skywalk	
			slipper	
			smoking	
			snowing	
			snowman	
			snuggle	
			solvent	
			someday	
			somehow	
			someone	
			soprano	
			soybean	
			spacing	
			spandex	
			spanish	
			sparrow	
			special	
			species	
			spinach	
			squeeze	
			stadium	
			stamina	
			stapler	
			starter	
			steamer	
			steeple	
			stencil	
			stepson	
			stinger	
			stopper	
			storage	
			strange	
			stretch	
			styling	
			subject	
			succeed	
			success	
			suggest	
			suicide	
			sunbeam	
			sunburn	
			sundial	
			sunlamp	
			sunroom	
			support	
			suppose	
			supreme	
			surface	
			surgeon	
			surgery	
			surname	
			survive	
			suspect	
			sustain	
			swallow	
			swedish	
			symptom	
			synergy	
			tadpole	
			talking	
			tambour	
			tankful	
			tapioca	
			tattler	
			taxicab	
			tension	
			terrace	
			testify	
			testing	
			texture	
			theater	
			therapy	
			thimble	
			thistle	
			through	
			timbale	
			timeout	
			timpani	
			tintype	
			toaster	
			tobacco	
			toenail	
			tonight	
			topsail	
			torpedo	
			totally	
			tourist	
			towards	
			tractor	
			traffic	
			tragedy	
			trailer	
			trainer	
			transom	
			trellis	
			trinket	
			trolley	
			trooper	
			trouble	
			truckit	
			trumpet	
			tuesday	
			tugboat	
			turbine	
			turkish	
			turning	
			twister	
			typhoon	
			typical	
			ukulele	
			undergo	
			unibody	
			uniform	
			unknown	
			unusual	
			upright	
			usually	
			utensil	
			utility	
			vaccume	
			vagrant	
			valance	
			valency	
			variety	
			various	
			vehicle	
			venture	
			veranda	
			verdict	
			version	
			vertigo	
			veteran	
			victory	
			violate	
			violent	
			viscose	
			visible	
			visitor	
			waiting	
			walkway	
			wallaby	
			wannabe	
			warlock	
			warning	
			washtub	
			wealthy	
			webkinz	
			wedding	
			weekend	
			welcome	
			welfare	
			western	
			wetsuit	
			whereas	
			whereby	
			whether	
			whisker	
			whiskey	
			whisper	
			whoever	
			willing	
			windage	
			wingman	
			wingtip	
			wiseguy	
			without	
			witness	
			working	
			worried	
			wrecker	
			wrinkle	
			writing	
			written	
			zampone	
			zoology	
			aardvark	
			aardwolf	
			abomasum	
			abrocome	
			accentor	
			accident	
			achiever	
			acoustic	
			acrodont	
			actinian	
			activity	
			addition	
			adjacent	
			adjutant	
			affirmed	
			agnathan	
			airforce	
			airplane	
			albacore	
			alderfly	
			allosaur	
			alphabet	
			alsatian	
			altitude	
			aluminum	
			amadavat	
			ambition	
			amphibia	
			amphipod	
			anaconda	
			anaerobe	
			analogue	
			analysis	
			angstrom	
			anteater	
			antelope	
			anything	
			anywhere	
			aperitif	
			appendix	
			applause	
			approval	
			arachnid	
			argonaut	
			argument	
			armament	
			armchair	
			armyworm	
			asbestos	
			ascidian	
			asterisk	
			attitude	
			attorney	
			audience	
			avadavat	
			babushka	
			backbone	
			backdrop	
			backpack	
			bacteria	
			bakeware	
			ballpark	
			bandanna	
			bankbook	
			bankrupt	
			barbeque	
			baritone	
			barracks	
			barstool	
			baseball	
			basement	
			bassinet	
			bathrobe	
			bathroom	
			beginner	
			behavior	
			beverage	
			bifocals	
			birdbath	
			birdcage	
			birthday	
			bloomers	
			blowhole	
			bluebell	
			boatload	
			boatyard	
			bondsman	
			bookcase	
			bottling	
			bracelet	
			brochure	
			brushing	
			bungalow	
			bunghole	
			buoyancy	
			business	
			calculus	
			campaign	
			capacity	
			cardigan	
			carefree	
			careless	
			carotene	
			cartload	
			casement	
			castanet	
			catacomb	
			category	
			celeriac	
			cemetery	
			cenotaph	
			ceremony	
			cesspool	
			chairman	
			champion	
			chastity	
			chasuble	
			chemical	
			cherries	
			chipmunk	
			chivalry	
			clarinet	
			clavicle	
			cleavage	
			cloister	
			clothier	
			clothing	
			cocktail	
			codpiece	
			coliseum	
			commerce	
			complete	
			composer	
			compound	
			conflict	
			congress	
			consider	
			constant	
			consumer	
			continue	
			contract	
			contrail	
			contrary	
			coonskin	
			corduroy	
			corridor	
			countess	
			coverall	
			crackers	
			crayfish	
			creative	
			credenza	
			creditor	
			cribbage	
			criminal	
			criteria	
			cultivar	
			cupboard	
			currency	
			customer	
			cyclamen	
			cylinder	
			database	
			daylight	
			deadline	
			december	
			decision	
			decrease	
			delicate	
			delivery	
			describe	
			designer	
			deviance	
			dialogue	
			diameter	
			dilution	
			dipstick	
			directly	
			director	
			disagree	
			disaster	
			discount	
			discover	
			disgrace	
			disguise	
			disorder	
			disposer	
			distinct	
			district	
			division	
			document	
			domestic	
			dominant	
			dominate	
			dominion	
			doorknob	
			doorpost	
			doubling	
			doughnut	
			downfall	
			downtown	
			dragster	
			dramatic	
			dreadful	
			dressing	
			driveway	
			duckling	
			dulcimer	
			duplexer	
			dwelling	
			dynamite	
			earmuffs	
			earnings	
			earrings	
			ecclesia	
			ecliptic	
			economic	
			educator	
			efficacy	
			eggplant	
			election	
			electric	
			elevator	
			emergent	
			emission	
			emphasis	
			employee	
			employer	
			engineer	
			enormous	
			entirely	
			entrance	
			envelope	
			ephemera	
			eruption	
			espalier	
			estimate	
			estrogen	
			ethernet	
			european	
			evaluate	
			everyday	
			everyone	
			eviction	
			evidence	
			examiner	
			exchange	
			exciting	
			executor	
			exercise	
			existing	
			exposure	
			external	
			eyebrows	
			eyeliner	
			facelift	
			facility	
			familiar	
			fanlight	
			fatigues	
			favorite	
			february	
			fedelini	
			feedback	
			figeater	
			fighting	
			figurine	
			filefish	
			finisher	
			firebird	
			firebrat	
			firewall	
			firework	
			fishbone	
			fishworm	
			fissiped	
			flamingo	
			flatboat	
			flatfish	
			flathead	
			flatworm	
			flounder	
			football	
			footnote	
			footrest	
			footstep	
			forebear	
			forecast	
			forefoot	
			forehead	
			forelimb	
			forelock	
			forestry	
			forewing	
			fortress	
			fourteen	
			foxglove	
			foxhound	
			fraction	
			fracture	
			freeplay	
			frequent	
			friction	
			friendly	
			frogfish	
			function	
			fusarium	
			galoshes	
			gamebird	
			gardener	
			gasoline	
			gasworks	
			gauntlet	
			generate	
			genetics	
			geometry	
			geranium	
			glycerin	
			goldfish	
			graduate	
			grandmom	
			grandson	
			grateful	
			greatest	
			guidance	
			gumshoes	
			gunmetal	
			hacienda	
			hackwork	
			handball	
			handbook	
			handicap	
			hardware	
			headland	
			headline	
			headrest	
			hedgehog	
			heirloom	
			herewith	
			heritage	
			historic	
			homeless	
			homework	
			honeybee	
			hospital	
			howitzer	
			humidity	
			hyacinth	
			hygienic	
			hysteria	
			icecream	
			identify	
			identity	
			imperial	
			impurity	
			inasmuch	
			incident	
			increase	
			indicate	
			industry	
			infinity	
			infusion	
			innocent	
			instance	
			interior	
			internal	
			internet	
			invasion	
			inventor	
			investor	
			involved	
			ironclad	
			japanese	
			jealousy	
			jodhpurs	
			judgment	
			jumpsuit	
			kamikaze	
			keyboard	
			keystone	
			kielbasa	
			kilogram	
			kindness	
			kingfish	
			kneejerk	
			knickers	
			knitting	
			kohlrabi	
			landform	
			landmark	
			landmine	
			landslip	
			language	
			latitude	
			laughing	
			laughter	
			learning	
			lemonade	
			leverage	
			lifetime	
			lighting	
			lipstick	
			literary	
			lobotomy	
			location	
			lollypop	
			macaroni	
			magazine	
			magnetic	
			maintain	
			majority	
			mandarin	
			mandolin	
			mangrove	
			manicure	
			mariachi	
			marksman	
			marriage	
			material	
			mattress	
			mechanic	
			medicine	
			megaliac	
			midnight	
			military	
			minority	
			misogyny	
			moderate	
			molecule	
			momentum	
			monopoly	
			moreover	
			mortgage	
			motorcar	
			movement	
			multiple	
			multiply	
			musician	
			mustache	
			national	
			necklace	
			negative	
			negligee	
			neighbor	
			nepalese	
			nicotine	
			nonsense	
			normally	
			northern	
			notebook	
			november	
			numeracy	
			numerous	
			obedient	
			observer	
			occasion	
			odometer	
			official	
			oncology	
			oncoming	
			onlooker	
			operator	
			opponent	
			opposite	
			ordinary	
			organism	
			organize	
			original	
			outburst	
			outgoing	
			outhouse	
			overcoat	
			overcome	
			overfull	
			overhead	
			overland	
			overleaf	
			overlook	
			overloud	
			overseas	
			overseer	
			overshoe	
			overtake	
			overtime	
			painting	
			pamphlet	
			pancreas	
			pantsuit	
			paradise	
			paraffin	
			parallel	
			particle	
			passbook	
			passport	
			patience	
			patricia	
			pavement	
			pavilion	
			pawnshop	
			pegboard	
			pendulum	
			pentagon	
			perceive	
			personal	
			persuade	
			pheasant	
			physical	
			pinafore	
			pinecone	
			pitching	
			planning	
			platform	
			platypus	
			playroom	
			pointing	
			politics	
			popsicle	
			populate	
			populist	
			porthole	
			portrait	
			positive	
			possible	
			possibly	
			postmark	
			pounding	
			powerful	
			practice	
			pregnant	
			presence	
			preserve	
			pressure	
			previous	
			princess	
			priority	
			prisoner	
			probable	
			probably	
			producer	
			progress	
			properly	
			property	
			proposal	
			proposed	
			prospect	
			protocol	
			provider	
			province	
			publicly	
			purchase	
			quadrant	
			quantity	
			quotient	
			radiator	
			raincoat	
			reactant	
			reaction	
			receiver	
			recently	
			recliner	
			recorder	
			recovery	
			redesign	
			regional	
			register	
			regulate	
			reindeer	
			relation	
			relative	
			relevant	
			religion	
			remember	
			reminder	
			reporter	
			republic	
			research	
			resemble	
			resident	
			resource	
			response	
			retailer	
			revenant	
			revolver	
			rigidity	
			ringworm	
			riverbed	
			romantic	
			rotation	
			rutabaga	
			sailboat	
			salesman	
			sanction	
			sandwich	
			saturday	
			scallion	
			scenario	
			schedule	
			schooner	
			scimitar	
			scissors	
			screamer	
			seaplane	
			seashore	
			security	
			sentence	
			separate	
			sequence	
			shocking	
			shoehorn	
			shoelace	
			shooting	
			shopping	
			shortage	
			sidewalk	
			silkworm	
			skullcap	
			skylight	
			slightly	
			slippers	
			smelting	
			sneakers	
			snowplow	
			snowsuit	
			softball	
			software	
			solution	
			sombrero	
			somebody	
			sometime	
			somewhat	
			songbird	
			soulmate	
			sourwood	
			southern	
			specific	
			specimen	
			spelling	
			spending	
			sprinter	
			squatter	
			squeegee	
			stacking	
			stallion	
			standard	
			standing	
			standoff	
			stiletto	
			stimulus	
			stocking	
			stopping	
			stopsign	
			straight	
			stranger	
			strategy	
			strength	
			strongly	
			struggle	
			sturgeon	
			subtract	
			suchlike	
			suddenly	
			suitable	
			suitcase	
			sunlight	
			sunshade	
			sunshine	
			supposed	
			surprise	
			surround	
			survival	
			survivor	
			swelling	
			swimming	
			swimsuit	
			sycamore	
			syllable	
			symmetry	
			sympathy	
			tabletop	
			tailspin	
			taxpayer	
			teaching	
			teaspoon	
			teenager	
			telegram	
			teletype	
			tendency	
			tenement	
			terrapin	
			terrible	
			textbook	
			thermals	
			thinking	
			thirteen	
			thousand	
			threaten	
			thursday	
			timeline	
			together	
			tomorrow	
			toreador	
			touching	
			trachoma	
			training	
			transfer	
			trapdoor	
			trombone	
			troubled	
			trousers	
			turnover	
			twilight	
			ultimate	
			unlikely	
			upstairs	
			vacation	
			validity	
			valuable	
			variable	
			vascular	
			vaulting	
			velocity	
			vestment	
			vineyard	
			violence	
			virginal	
			vitality	
			waitress	
			waterbed	
			weakness	
			whatever	
			whenever	
			wherever	
			wildlife	
			windpipe	
			wisteria	
			withdraw	
			woodland	
			woodshed	
			woodwind	
			woodwork	
			worklife	
			workshop	
			wrestler	
			yarmulke	
			yearbook	
			yourself	
			ziggurat	
			zucchini	
			accessory	
			accipiter	
			accordion	
			acidophil	
			acoustics	
			addiction	
			adrenalin	
			adulthood	
			advantage	
			adventure	
			aepyornis	
			aftermath	
			afternoon	
			agreement	
			albatross	
			allantois	
			allergist	
			alligator	
			allowance	
			alpenglow	
			alpenhorn	
			aluminium	
			amberjack	
			amendment	
			amphibian	
			amphioxus	
			amplitude	
			amusement	
			analgesia	
			angelfish	
			angleworm	
			anopheles	
			anthozoan	
			apartment	
			apatosaur	
			appaloosa	
			apparatus	
			appendage	
			applewood	
			appliance	
			arachnoid	
			arbitrary	
			arbovirus	
			architect	
			archosaur	
			argentine	
			armadillo	
			arrowworm	
			arthropod	
			artichoke	
			artificer	
			asparagus	
			assistant	
			associate	
			astrakhan	
			astrolabe	
			astrology	
			astronomy	
			athletics	
			attendant	
			attention	
			authority	
			automatic	
			automaton	
			avalanche	
			awareness	
			backwoods	
			balaclava	
			balalaika	
			bandolier	
			banquette	
			barometer	
			bathhouse	
			beanstalk	
			beautiful	
			beginning	
			beheading	
			billboard	
			birdhouse	
			blackbird	
			blackfish	
			bloodflow	
			blueberry	
			boogeyman	
			boxspring	
			boyfriend	
			brassiere	
			bratwurst	
			breakfast	
			brilliant	
			brushfire	
			brushwood	
			bulldozer	
			bunkhouse	
			burlesque	
			buttercup	
			campanile	
			candidate	
			cardboard	
			caretaker	
			carnation	
			carpenter	
			cartilage	
			cartridge	
			casserole	
			castanets	
			catamaran	
			cathedral	
			centurion	
			chainstay	
			chairlift	
			challenge	
			champagne	
			character	
			charlatan	
			chauffeur	
			checkroom	
			chemistry	
			childhood	
			chopstick	
			cigarette	
			clapboard	
			classroom	
			cloakroom	
			clockwork	
			collision	
			colloquia	
			columnist	
			committee	
			community	
			complaint	
			component	
			condition	
			conductor	
			confusion	
			congruent	
			conscious	
			consonant	
			consulate	
			contagion	
			copyright	
			cormorant	
			corrosion	
			councilor	
			covariate	
			craftsman	
			cricketer	
			crinoline	
			criterion	
			criticism	
			croissant	
			cytoplasm	
			dangerous	
			dashboard	
			deflation	
			deodorant	
			departure	
			dependent	
			destroyer	
			detective	
			detention	
			determine	
			diaphragm	
			different	
			difficult	
			digestion	
			dimension	
			direction	
			disappear	
			discharge	
			discourse	
			discovery	
			diversity	
			doorframe	
			downforce	
			downgrade	
			dragonfly	
			dromedary	
			dungarees	
			earthwork	
			earthworm	
			economics	
			economist	
			ecumenist	
			editorial	
			education	
			effective	
			efficient	
			eliminate	
			elsewhere	
			embossing	
			emergence	
			emergency	
			emotional	
			emphasize	
			encounter	
			encourage	
			enjoyment	
			epauliere	
			ephemeris	
			equipment	
			essential	
			establish	
			euphonium	
			evaluator	
			evergreen	
			everybody	
			evocation	
			evolution	
			excellent	
			exception	
			executive	
			existence	
			expansion	
			expensive	
			explosion	
			extension	
			extensive	
			extremely	
			eyelashes	
			eyestrain	
			facsimile	
			fastening	
			ferryboat	
			fieldfare	
			filovirus	
			financial	
			fireplace	
			fisherman	
			flagellum	
			fledgling	
			flinthead	
			flintlock	
			foliation	
			following	
			footprint	
			footstool	
			formation	
			fortnight	
			fragrance	
			framework	
			fraudster	
			freighter	
			frequency	
			gastropod	
			gearshift	
			generally	
			gentleman	
			geography	
			gigantism	
			gladiolus	
			godmother	
			goodnight	
			gradually	
			grassland	
			gratitude	
			guarantee	
			guestbook	
			guideline	
			guitarist	
			gunpowder	
			hamburger	
			handlebar	
			happiness	
			hardboard	
			hardcover	
			hardening	
			harpooner	
			haversack	
			headdress	
			headlight	
			headstone	
			heartache	
			heartwood	
			hereafter	
			highlands	
			highlight	
			historian	
			horseplay	
			hourglass	
			houseboat	
			household	
			housework	
			hydrofoil	
			immediate	
			immigrant	
			implement	
			important	
			impudence	
			incentive	
			including	
			inclusion	
			increased	
			indigence	
			infection	
			inflation	
			influence	
			influenza	
			inglenook	
			initially	
			injustice	
			innocence	
			insolence	
			inspector	
			insulator	
			insurance	
			intensity	
			intention	
			intercept	
			interpret	
			interview	
			intestine	
			introduce	
			intrusion	
			invention	
			inventory	
			jailhouse	
			jellyfish	
			kilometer	
			knowledge	
			landscape	
			liability	
			lifestyle	
			lightbulb	
			lightning	
			limestone	
			literally	
			livestock	
			loincloth	
			longitude	
			lumberman	
			lunchroom	
			macadamia	
			machinery	
			maelstrom	
			magnitude	
			marketing	
			marshland	
			meanwhile	
			mechanism	
			metronome	
			mezzanine	
			microwave	
			middleman	
			milkshake	
			moccasins	
			monastery	
			moonscape	
			moonshine	
			motorboat	
			moustache	
			narrative	
			naturally	
			necessary	
			negotiate	
			neighbour	
			neologism	
			newspaper	
			newsprint	
			newsstand	
			nightclub	
			nightgown	
			notoriety	
			numerator	
			nutrition	
			obedience	
			objective	
			obviously	
			offensive	
			offspring	
			operating	
			operation	
			orangutan	
			orchestra	
			otherwise	
			ourselves	
			outrigger	
			outskirts	
			overshoot	
			overtaxed	
			oxidation	
			pacemaker	
			paintwork	
			pantology	
			pantyhose	
			paperback	
			parachute	
			paragraph	
			paramedic	
			parchment	
			partridge	
			passenger	
			patriarch	
			patrimony	
			perfectly	
			permanent	
			personnel	
			petroleum	
			petticoat	
			physician	
			pineapple	
			pinstripe	
			plaything	
			pneumonia	
			poignance	
			poisoning	
			policeman	
			political	
			pollution	
			polyester	
			porcelain	
			porcupine	
			portfolio	
			potential	
			practical	
			precedent	
			precisely	
			pregnancy	
			president	
			pressroom	
			primarily	
			principal	
			principle	
			probation	
			procedure	
			professor	
			prominent	
			promotion	
			provision	
			ptarmigan	
			publicity	
			publisher	
			quicksand	
			quotation	
			radiation	
			rainmaker	
			rainstorm	
			raspberry	
			reception	
			recognize	
			recommend	
			recording	
			recurring	
			reduction	
			refectory	
			reference	
			regarding	
			regularly	
			reinforce	
			religious	
			remaining	
			represent	
			repulsion	
			saturated	
			saxophone	
			scarecrow	
			schnitzel	
			scientist	
			sculpting	
			sculpture	
			secretary	
			secretion	
			sectional	
			selection	
			semicolon	
			sensitive	
			september	
			seriously	
			shadowbox	
			shakedown	
			shearling	
			shoemaker	
			shootdown	
			shorthand	
			shortwave	
			sideboard	
			sideburns	
			signature	
			similarly	
			situation	
			slapstick	
			smuggling	
			snakebite	
			snowflake	
			snowstorm	
			sociology	
			softdrink	
			softening	
			solitaire	
			something	
			sometimes	
			somewhere	
			spaghetti	
			spectacle	
			speedboat	
			spiritual	
			spokesman	
			spotlight	
			stability	
			staircase	
			statement	
			statistic	
			stockings	
			stonework	
			stopwatch	
			strategic	
			streetcar	
			stretcher	
			structure	
			stumbling	
			stupidity	
			submarine	
			substance	
			sunbonnet	
			sunflower	
			supporter	
			surfboard	
			surprised	
			sweatshop	
			sweatsuit	
			swordfish	
			syndicate	
			tangerine	
			technical	
			technique	
			temporary	
			temptress	
			territory	
			terrorism	
			terrorist	
			testimony	
			therapist	
			therefore	
			thickness	
			tinderbox	
			tolerance	
			toothpick	
			torchiere	
			townhouse	
			tracksuit	
			tradesman	
			tradition	
			transform	
			translate	
			transport	
			trapezium	
			trapezoid	
			treatment	
			troubling	
			turnstile	
			typically	
			underpass	
			undertake	
			underwear	
			underwire	
			universal	
			variation	
			velodrome	
			vengeance	
			vestigial	
			vibration	
			viewpoint	
			violation	
			virtually	
			volunteer	
			waistband	
			wallpaper	
			washbasin	
			washcloth	
			waterfall	
			wednesday	
			weekender	
			whichever	
			whirlpool	
			whirlwind	
			whitewash	
			wholesale	
			wonderful	
			workbench	
			workhorse	
			workhouse	
			wristband	
			xylophone	
			yesterday	
			zebrafish	
			zookeeper	
			zoologist	
			absorption	
			abyssinian	
			accelerant	
			acceptance	
			accountant	
			acidophile	
			adenovirus	
			adjustment	
			aftershave	
			aftershock	
			aggression	
			allosaurus	
			ambassador	
			ambulacrum	
			anesthetic	
			angiosperm	
			anglerfish	
			animalcule	
			ankylosaur	
			anopheline	
			anthropoid	
			appearance	
			archeology	
			archerfish	
			arithmetic	
			assignment	
			assistance	
			assumption	
			astrologer	
			atmosphere	
			attachment	
			attraction	
			auditorium	
			automobile	
			background	
			bafflement	
			basketball	
			battleship	
			bestseller	
			birthright	
			blackberry	
			blackboard	
			bookkeeper	
			breadcrumb	
			breakpoint	
			bronchitis	
			candelabra	
			cappuccino	
			centimeter	
			cephalopod	
			chandelier	
			chauvinist	
			chiffonier	
			ciggarette	
			cloudburst	
			collection	
			commercial	
			commission	
			comparison	
			compassion	
			competitor	
			complement	
			compulsion	
			conclusion	
			conference	
			confidence	
			connection	
			continuous	
			convection	
			convenient	
			conversion	
			copywriter	
			corruption	
			councilman	
			cultivator	
			cummerbund	
			deathwatch	
			decryption	
			dedication	
			deficiency	
			definition	
			degenerate	
			department	
			deployment	
			depression	
			depressive	
			detainment	
			developing	
			dictaphone	
			dictionary	
			difference	
			difficulty	
			disability	
			discipline	
			discussion	
			dishwasher	
			distribute	
			dramaturge	
			drawbridge	
			dumbwaiter	
			earthquake	
			effacement	
			efficiency	
			electronic	
			elementary	
			elongation	
			employment	
			enterprise	
			enthusiasm	
			equivalent	
			espadrille	
			especially	
			evaluation	
			eventually	
			everything	
			everywhere	
			excitement	
			exhibition	
			experience	
			experiment	
			exposition	
			expression	
			extinction	
			eyeglasses	
			facilities	
			fahrenheit	
			fatherland	
			fertilizer	
			fiberglass	
			fingerling	
			fingernail	
			fishmonger	
			flagellate	
			fledgeling	
			flugelhorn	
			flycatcher	
			footlights	
			foundation	
			fratricide	
			frequently	
			friendship	
			fritillary	
			froghopper	
			generation	
			girlfriend	
			governance	
			government	
			grapefruit	
			greenhouse	
			gymnastics	
			handmaiden	
			hearthside	
			hippodrome	
			historical	
			homogenate	
			horsepower	
			hovercraft	
			hydraulics	
			hypothesis	
			icebreaker	
			illustrate	
			importance	
			impossible	
			impression	
			impressive	
			increasing	
			incredible	
			indication	
			individual	
			industrial	
			inevitable	
			ingredient	
			initiative	
			inspection	
			instructor	
			instrument	
			insulation	
			insurgence	
			interested	
			interloper	
			intervenor	
			intestines	
			investment	
			invitation	
			journalist	
			juggernaut	
			kettledrum	
			laboratory	
			laryngitis	
			leadership	
			legitimate	
			lighthouse	
			limitation	
			literature	
			litigation	
			locomotive	
			loneliness	
			lymphocyte	
			macrofauna	
			management	
			manservant	
			mayonnaise	
			medication	
			membership	
			metabolism	
			microscope	
			millennium	
			millimeter	
			misreading	
			monotheism	
			motivation	
			motorcycle	
			multimedia	
			mycoplasma	
			nightlight	
			nomination	
			obligation	
			occupation	
			opposition	
			ordination	
			originally	
			overacting	
			overcharge	
			overflight	
			overturned	
			overvalued	
			overweight	
			particular	
			penicillin	
			percentage	
			perception	
			periodical	
			peripheral	
			permafrost	
			permission	
			personally	
			pharmacist	
			phenomenon	
			philosophy	
			phonograph	
			photograph	
			physically	
			physiology	
			pilgrimage	
			pincushion	
			plantation	
			playground	
			pocketbook	
			politician	
			population	
			possession	
			postmaster	
			postoffice	
			preference	
			previously	
			priesthood	
			prizefight	
			processing	
			production	
			profession	
			projectile	
			projection	
			propaganda	
			proportion	
			prosecutor	
			protection	
			psychology	
			punishment	
			radiosonde	
			reasonable	
			reciprocal	
			recreation	
			referendum	
			reflection	
			regardless	
			regulation	
			relatively	
			relaxation	
			remarkable	
			reparation	
			repeatedly	
			republican	
			reputation	
			researcher	
			resistance	
			resolution	
			respondent	
			restaurant	
			rethinking	
			retirement	
			reversible	
			revolution	
			rheumatism	
			rhinoceros	
			roundabout	
			scientific	
			secondhand	
			semicircle	
			settlement	
			shirtdress	
			shoestring	
			sidestream	
			silverware	
			similarity	
			skyscraper	
			somersault	
			sousaphone	
			specialist	
			spectacles	
			statistics	
			stepmother	
			storyboard	
			strawberry	
			strengthen	
			subroutine	
			subsequent	
			subsidence	
			successful	
			successive	
			sufficient	
			suggestion	
			sunglasses	
			surprising	
			suspenders	
			suspension	
			suspicious	
			sweatshirt	
			sweetheart	
			tabernacle	
			tablecloth	
			tablespoon	
			tachometer	
			tambourine	
			technology	
			telescreen	
			television	
			terracotta	
			themselves	
			throughout	
			tomography	
			toothbrush	
			toothpaste	
			tortellini	
			tournament	
			transition	
			tremendous	
			typewriter	
			ultimately	
			unblinking	
			undermined	
			underneath	
			underpants	
			undershirt	
			undersized	
			understand	
			university	
			vegetation	
			vermicelli	
			vibraphone	
			volleyball	
			vulnerable	
			watchmaker	
			waterspout	
			weedkiller	
			wholesaler	
			widespread	
			wilderness	
			windscreen	
			windshield	
			withdrawal	
			wraparound	
